{
    "0_shot": {
        "rouge-1": {
            "r": 0.285525637864138,
            "p": 0.3029338295711215,
            "f": 0.26923887984073935
        },
        "rouge-2": {
            "r": 0.07396151544833719,
            "p": 0.07399553832472548,
            "f": 0.06490605107820922
        },
        "rouge-l": {
            "r": 0.23237059911494476,
            "p": 0.24787111102854345,
            "f": 0.21932481638390658
        }
    },
    "1_shot": {
        "rouge-1": {
            "r": 0.38611245640458275,
            "p": 0.3347074499020479,
            "f": 0.3410599709587189
        },
        "rouge-2": {
            "r": 0.07416928067683487,
            "p": 0.06712203354502269,
            "f": 0.06659366039489084
        },
        "rouge-l": {
            "r": 0.3040127294786617,
            "p": 0.26369732018771613,
            "f": 0.26856448112269926
        }
    },
    "2_shot": {
        "rouge-1": {
            "r": 0.38320919029237144,
            "p": 0.3592498611700775,
            "f": 0.35483526592384407
        },
        "rouge-2": {
            "r": 0.0837327024903906,
            "p": 0.08050913190700143,
            "f": 0.07725591035360506
        },
        "rouge-l": {
            "r": 0.30202150214664336,
            "p": 0.2792163938581263,
            "f": 0.27703240812659025
        }
    },
    "3_shot": {
        "rouge-1": {
            "r": 0.34921258002028055,
            "p": 0.39993148797471306,
            "f": 0.35775128088583313
        },
        "rouge-2": {
            "r": 0.08909197288643275,
            "p": 0.09630340663942848,
            "f": 0.08727620452058261
        },
        "rouge-l": {
            "r": 0.2985964923248996,
            "p": 0.33697478624814303,
            "f": 0.3036676246653826
        }
    },
    "4_shot": {
        "rouge-1": {
            "r": 0.34993979580102713,
            "p": 0.37312273152277137,
            "f": 0.3462420518660993
        },
        "rouge-2": {
            "r": 0.0843896369435608,
            "p": 0.08693735151805514,
            "f": 0.08130098561478578
        },
        "rouge-l": {
            "r": 0.29499096950841497,
            "p": 0.3095490792182253,
            "f": 0.289032913075351
        }
    }
}