{
    "0_shot": {
        "rouge-1": {
            "r": 0.3002851749213977,
            "p": 0.1361575753164528,
            "f": 0.17765155600911928
        },
        "rouge-2": {
            "r": 0.03736485822399135,
            "p": 0.01603105690692747,
            "f": 0.020329914875236322
        },
        "rouge-l": {
            "r": 0.2629001801002575,
            "p": 0.12102723730998219,
            "f": 0.15686142282849413
        }
    },
    "1_shot": {
        "rouge-1": {
            "r": 0.36480994280916856,
            "p": 0.3259341248563384,
            "f": 0.34115030727819406
        },
        "rouge-2": {
            "r": 0.1332278969709142,
            "p": 0.12422502875894988,
            "f": 0.12762251783964493
        },
        "rouge-l": {
            "r": 0.32823601364236027,
            "p": 0.2921841762611886,
            "f": 0.3062775195157715
        }
    },
    "2_shot": {
        "rouge-1": {
            "r": 0.38565106139990024,
            "p": 0.35790672208805524,
            "f": 0.367259261221679
        },
        "rouge-2": {
            "r": 0.14378746356157507,
            "p": 0.1422039195293671,
            "f": 0.1419149374582899
        },
        "rouge-l": {
            "r": 0.33517326004748593,
            "p": 0.3114856679635754,
            "f": 0.3192846246329731
        }
    },
    "3_shot": {
        "rouge-1": {
            "r": 0.3713721475892527,
            "p": 0.34955245534192886,
            "f": 0.3552194121265563
        },
        "rouge-2": {
            "r": 0.15116467481868273,
            "p": 0.15145098813868163,
            "f": 0.14921742606616994
        },
        "rouge-l": {
            "r": 0.3441170759495061,
            "p": 0.32648099673899456,
            "f": 0.3303846556638372
        }
    },
    "4_shot": {
        "rouge-1": {
            "r": 0.3762653634635057,
            "p": 0.3450900118256928,
            "f": 0.35751592027772294
        },
        "rouge-2": {
            "r": 0.1409776197999714,
            "p": 0.13868499061686237,
            "f": 0.1386864013004417
        },
        "rouge-l": {
            "r": 0.3399154317904316,
            "p": 0.31340080105366475,
            "f": 0.3238614926290151
        }
    }
}