{
    "0_shot": {
        "rouge-1": {
            "r": 0.30164291524780573,
            "p": 0.3033302955331643,
            "f": 0.27214982753903755
        },
        "rouge-2": {
            "r": 0.0778773035153852,
            "p": 0.06405087134922947,
            "f": 0.06493283484307223
        },
        "rouge-l": {
            "r": 0.2603175781911748,
            "p": 0.266729484286008,
            "f": 0.23553910575634357
        }
    },
    "1_shot": {
        "rouge-1": {
            "r": 0.4086846451823234,
            "p": 0.4087519889440953,
            "f": 0.4033678445291073
        },
        "rouge-2": {
            "r": 0.17675335883378585,
            "p": 0.16838420713172705,
            "f": 0.16963386366903394
        },
        "rouge-l": {
            "r": 0.37539052654080457,
            "p": 0.3755797876301822,
            "f": 0.370681969400193
        }
    },
    "2_shot": {
        "rouge-1": {
            "r": 0.3910776724496603,
            "p": 0.4216369419947401,
            "f": 0.39967035122596495
        },
        "rouge-2": {
            "r": 0.17542377160989855,
            "p": 0.18188680967613113,
            "f": 0.17587374545239418
        },
        "rouge-l": {
            "r": 0.3623047003607212,
            "p": 0.3901936412076682,
            "f": 0.3702407677328603
        }
    },
    "3_shot": {
        "rouge-1": {
            "r": 0.40080642159201874,
            "p": 0.44898277460440666,
            "f": 0.4171450661710154
        },
        "rouge-2": {
            "r": 0.18112398073685648,
            "p": 0.19573526407051697,
            "f": 0.18490170808290243
        },
        "rouge-l": {
            "r": 0.37097240266596654,
            "p": 0.41574829219426684,
            "f": 0.38630058074016643
        }
    },
    "4_shot": {
        "rouge-1": {
            "r": 0.4364224920484915,
            "p": 0.4130742882398604,
            "f": 0.4158129753463171
        },
        "rouge-2": {
            "r": 0.18526517764826514,
            "p": 0.1679756227531025,
            "f": 0.17174483734646126
        },
        "rouge-l": {
            "r": 0.38590067417988533,
            "p": 0.3681417014555683,
            "f": 0.36922620516235843
        }
    }
}